<?xml version="1.0"?>
<!DOCTYPE module PUBLIC "-//Checkstyle//DTD Checkstyle Configuration 1.3//EN"
    "https://checkstyle.org/dtds/configuration_1_3.dtd">
<module name="Checker">
    <module name="SuppressWithPlainTextCommentFilter"/>
    <module name="JavadocPackage"/>
    <module name="TreeWalker">
        <module name="JavadocVariable">
            <property name="scope" value="public"/>
        </module>
        <module name="MissingJavadocType"/>
        <module name="MissingJavadocMethod"/>
        <module name="MissingJavadocPackage"/>
        <module name="JavadocType"/>
        <module name="JavadocMethod"/>
        <module name="JavadocStyle"/>
    </module>
</module>

