[ {
  "duration" : 8.050285000,
  "created" : "2024-05-24T20:32:09.500513Z",
  "player1Name" : "yy",
  "player2Name" : "tt",
  "status" : "PLAYER_2_WINS",
  "numberOfTurns" : 2
}, {
  "duration" : 7.685425000,
  "created" : "2024-05-24T20:37:09.74727Z",
  "player1Name" : "yy",
  "player2Name" : "ii",
  "status" : "PLAYER_2_WINS",
  "numberOfTurns" : 6
}, {
  "duration" : 8.974778000,
  "created" : "2024-05-24T21:04:03.696963Z",
  "player1Name" : "tt",
  "player2Name" : "hh",
  "status" : "PLAYER_2_WINS",
  "numberOfTurns" : 6
}, {
  "duration" : 9.905731000,
  "created" : "2024-05-24T22:04:10.432177Z",
  "player1Name" : "yy",
  "player2Name" : "tt",
  "status" : "PLAYER_1_WINS",
  "numberOfTurns" : 7
}, {
  "duration" : 20.082663000,
  "created" : "2024-05-24T22:45:40.593159Z",
  "player1Name" : "Tom",
  "player2Name" : "Jeff",
  "status" : "PLAYER_2_WINS",
  "numberOfTurns" : 6
}, {
  "duration" : 18.152669000,
  "created" : "2024-05-24T22:47:30.765845Z",
  "player1Name" : "Tom ",
  "player2Name" : "Jeff",
  "status" : "PLAYER_2_WINS",
  "numberOfTurns" : 6
}, {
  "duration" : 12.672088000,
  "created" : "2024-05-25T00:31:19.267432Z",
  "player1Name" : "Mary",
  "player2Name" : "Joseph",
  "status" : "PLAYER_2_WINS",
  "numberOfTurns" : 6
}, {
  "duration" : 12.556609000,
  "created" : "2024-05-25T11:22:42.168581Z",
  "player1Name" : "Helen",
  "player2Name" : "Princess",
  "status" : "PLAYER_2_WINS",
  "numberOfTurns" : 6
}, {
  "duration" : 37.545384000,
  "created" : "2024-05-25T11:28:05.153096Z",
  "player1Name" : "Princess",
  "player2Name" : "Helen",
  "status" : "PLAYER_2_WINS",
  "numberOfTurns" : 6
}, {
  "duration" : 22.162248000,
  "created" : "2024-05-25T11:30:18.44962Z",
  "player1Name" : "Mary",
  "player2Name" : "Joseph",
  "status" : "PLAYER_2_WINS",
  "numberOfTurns" : 6
}, {
  "duration" : 11.583900000,
  "created" : "2024-05-25T14:06:42.758312Z",
  "player1Name" : "Jaden",
  "player2Name" : "Willow",
  "status" : "PLAYER_2_WINS",
  "numberOfTurns" : 6
}, {
  "duration" : 11.899252000,
  "created" : "2024-05-25T14:12:13.404923Z",
  "player1Name" : "Tom",
  "player2Name" : "Jerry",
  "status" : "PLAYER_2_WINS",
  "numberOfTurns" : 6
}, {
  "duration" : 14.749538000,
  "created" : "2024-05-25T14:13:27.140471Z",
  "player1Name" : "Adam",
  "player2Name" : "Eve",
  "status" : "PLAYER_2_WINS",
  "numberOfTurns" : 6
}, {
  "duration" : 12.341139000,
  "created" : "2024-05-25T14:17:35.524351Z",
  "player1Name" : "Precious",
  "player2Name" : "Sally",
  "status" : "PLAYER_2_WINS",
  "numberOfTurns" : 6
}, {
  "duration" : 7.724444000,
  "created" : "2024-05-25T14:30:48.951924Z",
  "player1Name" : "Adam",
  "player2Name" : "Eve",
  "status" : "PLAYER_2_WINS",
  "numberOfTurns" : 6
}, {
  "duration" : 7.890874000,
  "created" : "2024-05-25T17:40:37.636347Z",
  "player1Name" : "Yasmin",
  "player2Name" : "Yaa",
  "status" : "PLAYER_2_WINS",
  "numberOfTurns" : 6
}, {
  "duration" : 16.612339000,
  "created" : "2024-05-25T20:00:38.491063Z",
  "player1Name" : "tt",
  "player2Name" : "hh",
  "status" : "PLAYER_2_WINS",
  "numberOfTurns" : 6
}, {
  "duration" : 8.069938000,
  "created" : "2024-05-25T20:19:08.88443Z",
  "player1Name" : "tt",
  "player2Name" : "hh",
  "status" : "PLAYER_2_WINS",
  "numberOfTurns" : 6
}, {
  "duration" : 461.842367000,
  "created" : "2024-05-26T06:47:57.376707Z",
  "player1Name" : "John",
  "player2Name" : "Hosea",
  "status" : "PLAYER_2_WINS",
  "numberOfTurns" : 6
}, {
  "duration" : 12.740928000,
  "created" : "2024-05-26T08:01:06.133307Z",
  "player1Name" : "Jasmin",
  "player2Name" : "Jade",
  "status" : "PLAYER_2_WINS",
  "numberOfTurns" : 6
}, {
  "duration" : 19.362776000,
  "created" : "2024-05-26T10:19:07.139068+02:00",
  "player1Name" : "Yasmin",
  "player2Name" : "Rose",
  "status" : "PLAYER_2_WINS",
  "numberOfTurns" : 6
} ]